Type,N,MaxError,Violations
1,4,1.03691221629528e-06,0
1,8,1.00929343405764e-06,0
1,16,8.11671645025592e-07,0
1,32,8.46259576328866e-07,0
1,64,7.79324976144539e-07,0
1,128,6.11572680501087e-07,0
2,4,1.02079368906476e-06,0
2,8,5.49579893950247e-07,0
2,16,7.01359648257858e-07,0
2,32,3.81759987849604e-07,0
2,64,3.68088176531817e-07,0
2,128,2.40662824053155e-07,0
3,4,1.10360488350213e-06,0
3,8,1.27233897488431e-06,0
3,16,9.17865906298617e-07,0
3,32,9.75502927388918e-07,0
3,64,9.99638211224431e-07,0
3,128,9.81071407129896e-07,0
