Experiment,Type,n,N,NumOK,NumFailed,StdAbsErr,MedianAbsErr,StdRelErr,MedianRelErr,StdUnitErr,MedianUnitErr
1,Random,2,4,1,0,0,2.11329357055371e-16,0,2.66342182030992e-16,0,0
1,Tridiagonal,2,4,1,0,0,1.25520808715983e-16,0,8.2592165824924e-14,0,0
1,Exponential,2,4,1,0,0,4.38732003767698e-16,0,3.96001288281749e-16,0,0
1,Random,3,8,1,0,0,2.27167503080204e-16,0,3.07348772946851e-16,0,0
1,Tridiagonal,3,8,1,0,0,1.54667319320045e-16,0,1.85892137723237e-16,0,0
1,Exponential,3,8,1,0,0,4.33621519807564e-16,0,3.78447863907493e-16,0,0
1,Random,4,16,1,0,0,5.32790417122221e-16,0,7.99076397274261e-16,0,0
1,Tridiagonal,4,16,1,0,0,1.29388403446317e-17,0,1.01724543659011e-12,0,0
1,Exponential,4,16,1,0,0,5.32250701756637e-16,0,4.57184476855197e-16,0,0
1,Random,5,32,1,0,0,2.14594703225683e-16,0,3.13755770176102e-16,0,0
1,Tridiagonal,5,32,1,0,0,2.99904988413665e-17,0,2.79193969467054e-06,0,0
1,Exponential,5,32,1,0,0,6.27211200303066e-16,0,5.34748351875228e-16,0,0
1,Random,6,64,1,0,0,2.95608527001438e-16,0,4.93500697159324e-16,0,0
1,Tridiagonal,6,64,1,0,0,3.36143853238466e-17,0,0.000152852661111735,0,0
1,Exponential,6,64,1,0,0,6.44426480873113e-16,0,5.47467261662112e-16,0,0
1,Random,7,128,1,0,0,5.87887840155719e-16,0,8.25278732809942e-16,0,0
1,Tridiagonal,7,128,1,0,0,6.63985345313222e-29,0,2.9903241537321e-13,0,0
1,Exponential,7,128,1,0,0,9.12127098549006e-16,0,7.73541304302514e-16,0,0
